Name,Card No.,Mobile
Siva,346301,9985422435
Sathish,346302,8664357421
Murugan,346303,7034563477
Dinesh,346304,9864543342
Raj,346305,9034583454
Kumar,346306,8623424434
Gopi,346307,7578789432
Suresh,346308,9453453554
Chandran,346309,8834435345
Jeevan,346310,9034534545
Siva,346311,9985422435
Sathish,346312,8664357421
Murugan,346313,7034563477
Dinesh,346314,9864543342
Raj,346315,9034583454
Kumar,346316,8623424434
Gopi,346317,7578789432
Suresh,346318,9453453554
Chandran,346319,8834435345
Jeevan,346320,9034534545
Siva,346321,9985422435
Sathish,346322,8664357421
Murugan,346323,7034563477
Dinesh,346324,9864543342
Raj,346325,9034583454
Kumar,346326,8623424434
Gopi,346327,7578789432
Suresh,346328,9453453554
Chandran,346329,8834435345
Jeevan,346330,9034534545
Siva,346331,9985422435
Sathish,346332,8664357421
Murugan,346333,7034563477
Dinesh,346334,9864543342
Raj,346335,9034583454
Kumar,346336,8623424434
Gopi,346337,7578789432
Suresh,346338,9453453554
Chandran,346339,8834435345
Jeevan,346340,9034534545
Siva,346341,9985422435
Sathish,346342,8664357421
Murugan,346343,7034563477
Dinesh,346344,9864543342
Raj,346345,9034583454
Kumar,346346,8623424434
Gopi,346347,7578789432
Suresh,346348,9453453554
Chandran,346349,8834435345
Jeevan,346350,9034534545
